web-scraper-order,web-scraper-start-url,title,issue number,date,year,publisher,desc,owner,collection,pdf link,pdf link-href
1524733663-281,http://dspace.nplg.gov.ge/handle/1234/241942,თეატრი და ცხოვრება N9,N9,7-Mar-1920,1920,იოსებ იმედაშვილი,"სათეატრო-სალიტერატურო ჟურნალი. ეგზემპლიარი ხარვეზიანია, აკლია 13-14 გვერდი",საქართველოს პარლამენტის ეროვნული ბიბლიოთეკა,თეატრი და ცხოვრება,Teatri_Da_Cxovreba_1920_N9.pdf,http://dspace.nplg.gov.ge/bitstream/1234/241942/1/Teatri_Da_Cxovreba_1920_N9.pdf
1524733782-339,http://dspace.nplg.gov.ge/handle/1234/240964,თეატრი და ცხოვრება N27,N27,2-Jul-1917,1917,თბილისი : სორაპანი,სათეატრო-სალიტერატურო ჟურნალი,საქართველოს პარლამენტის ეროვნული ბიბლიოთეკა,თეატრი და ცხოვრება,Teatri_Da_Cxovreba_1917_N27.pdf,http://dspace.nplg.gov.ge/bitstream/1234/240964/1/Teatri_Da_Cxovreba_1917_N27.pdf
1524733821-358,http://dspace.nplg.gov.ge/handle/1234/240897,თეატრი და ცხოვრება N8,N8,19-Feb-1917,1917,თბილისი : სორაპანი,სათეატრო-სალიტერატურო ჟურნალი,საქართველოს პარლამენტის ეროვნული ბიბლიოთეკა,თეატრი და ცხოვრება,Teatri_Da_Cxovreba_1917_N8.pdf,http://dspace.nplg.gov.ge/bitstream/1234/240897/1/Teatri_Da_Cxovreba_1917_N8.pdf
1524733695-297,http://dspace.nplg.gov.ge/handle/1234/241666,თეატრი და ცხოვრება N8,N8,13-Jul-1919,1919,იოსებ იმედაშვილი,სათეატრო-სალიტერატურო ჟურნალი,საქართველოს პარლამენტის ეროვნული ბიბლიოთეკა,თეატრი და ცხოვრება,Teatri_Da_Cxovreba_1919_N8.pdf,http://dspace.nplg.gov.ge/bitstream/1234/241666/1/Teatri_Da_Cxovreba_1919_N8.pdf
1524733765-331,http://dspace.nplg.gov.ge/handle/1234/240986,თეატრი და ცხოვრება N35,N35,3-Sep-1917,1917,თბილისი : სორაპანი,სათეატრო-სალიტერატურო ჟურნალი,საქართველოს პარლამენტის ეროვნული ბიბლიოთეკა,თეატრი და ცხოვრება,Teatri_Da_Cxovreba_1917_N35.pdf,http://dspace.nplg.gov.ge/bitstream/1234/240986/1/Teatri_Da_Cxovreba_1917_N35.pdf
1524733800-348,http://dspace.nplg.gov.ge/handle/1234/240910,თეატრი და ცხოვრება N18,N18,29-Apr-1917,1917,თბილისი : სორაპანი,სათეატრო-სალიტერატურო ჟურნალი,საქართველოს პარლამენტის ეროვნული ბიბლიოთეკა,თეატრი და ცხოვრება,Teatri_Da_Cxovreba_1917_N18.pdf,http://dspace.nplg.gov.ge/bitstream/1234/240910/1/Teatri_Da_Cxovreba_1917_N18.pdf
1524733617-259,http://dspace.nplg.gov.ge/handle/1234/244372,თეატრი და ცხოვრება N3,N3,23-Dec-1923,1923,"თბილისი : ომში დაჭრილთა შრომის არტელი ''ახალი წრე""",სათეატრო-სალიტერატურო ჟურნალი,საქართველოს პარლამენტის ეროვნული ბიბლიოთეკა,თეატრი და ცხოვრება,Teatri_Da_Cxovreba_1923_N3.pdf,http://dspace.nplg.gov.ge/bitstream/1234/244372/1/Teatri_Da_Cxovreba_1923_N3.pdf
1524733831-363,http://dspace.nplg.gov.ge/handle/1234/240892,თეატრი და ცხოვრება N3,N3,14-Jan-1917,1917,თბილისი : სორაპანი,სათეატრო-სალიტერატურო ჟურნალი,საქართველოს პარლამენტის ეროვნული ბიბლიოთეკა,თეატრი და ცხოვრება,Teatri_Da_Cxovreba_1917_N3.pdf,http://dspace.nplg.gov.ge/bitstream/1234/240892/1/Teatri_Da_Cxovreba_1917_N3.pdf
1524733615-258,http://dspace.nplg.gov.ge/handle/1234/245319,თეატრი და ცხოვრება N1,N1,2-Jan-1924,1924,"თბილისი : ომში დაჭრილთა შრომის არტელი ''ახალი წრე""",სათეატრო-სალიტერატურო ჟურნალი,საქართველოს პარლამენტის ეროვნული ბიბლიოთეკა,თეატრი და ცხოვრება,Teatri_Da_Cxovreba_1924_N1.pdf,http://dspace.nplg.gov.ge/bitstream/1234/245319/1/Teatri_Da_Cxovreba_1924_N1.pdf
1524733792-344,http://dspace.nplg.gov.ge/handle/1234/240918,თეატრი და ცხოვრება N22,N22,28-May-1917,1917,თბილისი : სორაპანი,სათეატრო-სალიტერატურო ჟურნალი,საქართველოს პარლამენტის ეროვნული ბიბლიოთეკა,თეატრი და ცხოვრება,Teatri_Da_Cxovreba_1917_N22.pdf,http://dspace.nplg.gov.ge/bitstream/1234/240918/1/Teatri_Da_Cxovreba_1917_N22.pdf
1524733601-251,http://dspace.nplg.gov.ge/handle/1234/245329,თეატრი და ცხოვრება N8,N8,16-Mar-1924,1924,იოსებ იმედაშვილი,სათეატრო-სალიტერატურო ჟურნალი,საქართველოს პარლამენტის ეროვნული ბიბლიოთეკა,თეატრი და ცხოვრება,Teatri_Da_Cxovreba_1924_N8.pdf,http://dspace.nplg.gov.ge/bitstream/1234/245329/1/Teatri_Da_Cxovreba_1924_N8.pdf
1524733671-285,http://dspace.nplg.gov.ge/handle/1234/241910,თეატრი და ცხოვრება N5,N5,8-Feb-1920,1920,იოსებ იმედაშვილი,სათეატრო-სალიტერატურო ჟურნალი,საქართველოს პარლამენტის ეროვნული ბიბლიოთეკა,თეატრი და ცხოვრება,Teatri_Da_Cxovreba_1920_N5.pdf,http://dspace.nplg.gov.ge/bitstream/1234/241910/1/Teatri_Da_Cxovreba_1920_N5.pdf
1524733566-234,http://dspace.nplg.gov.ge/handle/1234/245412,თეატრი და ცხოვრება N5,N5,1-Mar-1925,1925,იოსებ იმედაშვილი,სათეატრო-სალიტერატურო ჟურნალი,საქართველოს პარლამენტის ეროვნული ბიბლიოთეკა,თეატრი და ცხოვრება,Teatri_Da_Cxovreba_1925_N5.pdf,http://dspace.nplg.gov.ge/bitstream/1234/245412/1/Teatri_Da_Cxovreba_1925_N5.pdf
1524733819-357,http://dspace.nplg.gov.ge/handle/1234/240898,თეატრი და ცხოვრება N9,N9,26-Feb-1917,1917,თბილისი : სორაპანი,სათეატრო-სალიტერატურო ჟურნალი,საქართველოს პარლამენტის ეროვნული ბიბლიოთეკა,თეატრი და ცხოვრება,Teatri_Da_Cxovreba_1917_N9.pdf,http://dspace.nplg.gov.ge/bitstream/1234/240898/1/Teatri_Da_Cxovreba_1917_N9.pdf
1524733656-278,http://dspace.nplg.gov.ge/handle/1234/242074,თეატრი და ცხოვრება N12,N12,28-Mar-1920,1920,იოსებ იმედაშვილი,სათეატრო-სალიტერატურო ჟურნალი,საქართველოს პარლამენტის ეროვნული ბიბლიოთეკა,თეატრი და ცხოვრება,Teatri_Da_Cxovreba_1920_N12.pdf,http://dspace.nplg.gov.ge/bitstream/1234/242074/1/Teatri_Da_Cxovreba_1920_N12.pdf
1524733718-308,http://dspace.nplg.gov.ge/handle/1234/238214,თეატრი და ცხოვრება N13,N13,22-Sep-1918,1918,იოსებ იმედაშვილი,სათეატრო-სალიტერატურო ჟურნალი,საქართველოს პარლამენტის ეროვნული ბიბლიოთეკა,თეატრი და ცხოვრება,Teatri_Da_Cxovreba_1918_N13.pdf,http://dspace.nplg.gov.ge/bitstream/1234/238214/1/Teatri_Da_Cxovreba_1918_N13.pdf
1524733570-236,http://dspace.nplg.gov.ge/handle/1234/245410,თეატრი და ცხოვრება N3,N3,25-Jan-1925,1925,იოსებ იმედაშვილი,სათეატრო-სალიტერატურო ჟურნალი,საქართველოს პარლამენტის ეროვნული ბიბლიოთეკა,თეატრი და ცხოვრება,Teatri_Da_Cxovreba_1925_N3.pdf,http://dspace.nplg.gov.ge/bitstream/1234/245410/1/Teatri_Da_Cxovreba_1925_N3.pdf
1524733642-271,http://dspace.nplg.gov.ge/handle/1234/242029,თეატრი და ცხოვრება N19,N19,26-May-1920,1920,თბილისი : ქართული ბეჭვითი ამხანაგობა,სათეატრო-სალიტერატურო ჟურნალი,საქართველოს პარლამენტის ეროვნული ბიბლიოთეკა,თეატრი და ცხოვრება,Teatri_Da_Cxovreba_1920_N19.pdf,http://dspace.nplg.gov.ge/bitstream/1234/242029/1/Teatri_Da_Cxovreba_1920_N19.pdf
1524733790-343,http://dspace.nplg.gov.ge/handle/1234/240941,თეატრი და ცხოვრება N23,N23,4-Jun-1917,1917,თბილისი : სორაპანი,სათეატრო-სალიტერატურო ჟურნალი,საქართველოს პარლამენტის ეროვნული ბიბლიოთეკა,თეატრი და ცხოვრება,Teatri_Da_Cxovreba_1917_N23.pdf,http://dspace.nplg.gov.ge/bitstream/1234/240941/1/Teatri_Da_Cxovreba_1917_N23.pdf
1524733628-264,http://dspace.nplg.gov.ge/handle/1234/242043,თეატრი და ცხოვრება N26,N26,18-Jul-1920,1920,თბილისი : ქართული ბეჭვითი ამხანაგობა,"სათეატრო-სალიტერატურო ჟურნალი. ეგზემპლიარი ხარვეზიანია, აკლია 7-10 გვერდი",საქართველოს პარლამენტის ეროვნული ბიბლიოთეკა,თეატრი და ცხოვრება,Teatri_Da_Cxovreba_1920_N26.pdf,http://dspace.nplg.gov.ge/bitstream/1234/242043/1/Teatri_Da_Cxovreba_1920_N26.pdf
1524733776-336,http://dspace.nplg.gov.ge/handle/1234/240974,თეატრი და ცხოვრება N30,N30,23-Jul-1917,1917,თბილისი : სორაპანი,სათეატრო-სალიტერატურო ჟურნალი,საქართველოს პარლამენტის ეროვნული ბიბლიოთეკა,თეატრი და ცხოვრება,Teatri_Da_Cxovreba_1917_N30.pdf,http://dspace.nplg.gov.ge/bitstream/1234/240974/1/Teatri_Da_Cxovreba_1917_N30.pdf
1524733747-322,http://dspace.nplg.gov.ge/handle/1234/241048,თეატრი და ცხოვრება N44,N44,10-Dec-1917,1917,იოსებ იმედაშვილი,სათეატრო-სალიტერატურო ჟურნალი,საქართველოს პარლამენტის ეროვნული ბიბლიოთეკა,თეატრი და ცხოვრება,Teatri_Da_Cxovreba_1917_N44.pdf,http://dspace.nplg.gov.ge/bitstream/1234/241048/1/Teatri_Da_Cxovreba_1917_N44.pdf
1524733700-299,http://dspace.nplg.gov.ge/handle/1234/241658,თეატრი და ცხოვრება N6,N6,26-May-1919,1919,იოსებ იმედაშვილი,სათეატრო-სალიტერატურო ჟურნალი,საქართველოს პარლამენტის ეროვნული ბიბლიოთეკა,თეატრი და ცხოვრება,Teatri_Da_Cxovreba_1919_N6.pdf,http://dspace.nplg.gov.ge/bitstream/1234/241658/1/Teatri_Da_Cxovreba_1919_N6.pdf
1524733619-260,http://dspace.nplg.gov.ge/handle/1234/244371,თეატრი და ცხოვრება N2,N2,16-Dec-1923,1923,"თბილისი : ომში დაჭრილთა შრომის არტელი ''ახალი წრე""",სათეატრო-სალიტერატურო ჟურნალი,საქართველოს პარლამენტის ეროვნული ბიბლიოთეკა,თეატრი და ცხოვრება,Teatri_Da_Cxovreba_1923_N2.pdf,http://dspace.nplg.gov.ge/bitstream/1234/244371/1/Teatri_Da_Cxovreba_1923_N2.pdf
1524733551-227,http://dspace.nplg.gov.ge/handle/1234/245420,თეატრი და ცხოვრება N12,N12,1-Jun-1925,1925,იოსებ იმედაშვილი,სათეატრო-სალიტერატურო ჟურნალი,საქართველოს პარლამენტის ეროვნული ბიბლიოთეკა,თეატრი და ცხოვრება,Teatri_Da_Cxovreba_1925_N12.pdf,http://dspace.nplg.gov.ge/bitstream/1234/245420/1/Teatri_Da_Cxovreba_1925_N12.pdf
1524733778-337,http://dspace.nplg.gov.ge/handle/1234/240971,თეატრი და ცხოვრება N29,N29,16-Jul-1917,1917,თბილისი : სორაპანი,"სათეატრო-სალიტერატურო ჟურნალი. ეგზემპლიარი ხარვეზიანია, აკლია მე-10 გვერდი",საქართველოს პარლამენტის ეროვნული ბიბლიოთეკა,თეატრი და ცხოვრება,Teatri_Da_Cxovreba_1917_N29.pdf,http://dspace.nplg.gov.ge/bitstream/1234/240971/1/Teatri_Da_Cxovreba_1917_N29.pdf
1524733708-303,http://dspace.nplg.gov.ge/handle/1234/241644,თეატრი და ცხოვრება N2,N2,2-Mar-1919,1919,იოსებ იმედაშვილი,სათეატრო-სალიტერატურო ჟურნალი,საქართველოს პარლამენტის ეროვნული ბიბლიოთეკა,თეატრი და ცხოვრება,Teatri_Da_Cxovreba_1919_N2.pdf,http://dspace.nplg.gov.ge/bitstream/1234/241644/1/Teatri_Da_Cxovreba_1919_N2.pdf
1524733683-291,http://dspace.nplg.gov.ge/handle/1234/241680,თეატრი და ცხოვრება N14,N14,12-Dec-1919,1919,იოსებ იმედაშვილი,სათეატრო-სალიტერატურო ჟურნალი,საქართველოს პარლამენტის ეროვნული ბიბლიოთეკა,თეატრი და ცხოვრება,Teatri_Da_Cxovreba_1919_N14.pdf,http://dspace.nplg.gov.ge/bitstream/1234/241680/1/Teatri_Da_Cxovreba_1919_N14.pdf
1524733611-256,http://dspace.nplg.gov.ge/handle/1234/245321,თეატრი და ცხოვრება N3,N3,27-Jan-1924,1924,"თბილისი : ომში დაჭრილთა შრომის არტელი ''ახალი წრე""",სათეატრო-სალიტერატურო ჟურნალი,საქართველოს პარლამენტის ეროვნული ბიბლიოთეკა,თეატრი და ცხოვრება,Teatri_Da_Cxovreba_1924_N3.pdf,http://dspace.nplg.gov.ge/bitstream/1234/245321/1/Teatri_Da_Cxovreba_1924_N3.pdf
1524733574-238,http://dspace.nplg.gov.ge/handle/1234/245407,თეატრი და ცხოვრება N1,N1,2-Jan-1925,1925,იოსებ იმედაშვილი,სათეატრო-სალიტერატურო ჟურნალი,საქართველოს პარლამენტის ეროვნული ბიბლიოთეკა,თეატრი და ცხოვრება,Teatri_Da_Cxovreba_1925_N1.pdf,http://dspace.nplg.gov.ge/bitstream/1234/245407/1/Teatri_Da_Cxovreba_1925_N1.pdf
1524733827-361,http://dspace.nplg.gov.ge/handle/1234/240894,თეატრი და ცხოვრება N5,N5,29-Jan-1917,1917,თბილისი : სორაპანი,სათეატრო-სალიტერატურო ჟურნალი,საქართველოს პარლამენტის ეროვნული ბიბლიოთეკა,თეატრი და ცხოვრება,Teatri_Da_Cxovreba_1917_N5.pdf,http://dspace.nplg.gov.ge/bitstream/1234/240894/1/Teatri_Da_Cxovreba_1917_N5.pdf
1524733798-347,http://dspace.nplg.gov.ge/handle/1234/240912,თეატრი და ცხოვრება N19,N19,7-May-1917,1917,თბილისი : სორაპანი,სათეატრო-სალიტერატურო ჟურნალი,საქართველოს პარლამენტის ეროვნული ბიბლიოთეკა,თეატრი და ცხოვრება,Teatri_Da_Cxovreba_1917_N19.pdf,http://dspace.nplg.gov.ge/bitstream/1234/240912/1/Teatri_Da_Cxovreba_1917_N19.pdf
1524733572-237,http://dspace.nplg.gov.ge/handle/1234/245409,თეატრი და ცხოვრება N2,N2,18-Jan-1925,1925,იოსებ იმედაშვილი,სათეატრო-სალიტერატურო ჟურნალი,საქართველოს პარლამენტის ეროვნული ბიბლიოთეკა,თეატრი და ცხოვრება,Teatri_Da_Cxovreba_1925_N2.pdf,http://dspace.nplg.gov.ge/bitstream/1234/245409/1/Teatri_Da_Cxovreba_1925_N2.pdf
1524733823-359,http://dspace.nplg.gov.ge/handle/1234/240896,თეატრი და ცხოვრება N7,N7,11-Feb-1917,1917,თბილისი : სორაპანი,სათეატრო-სალიტერატურო ჟურნალი,საქართველოს პარლამენტის ეროვნული ბიბლიოთეკა,თეატრი და ცხოვრება,Teatri_Da_Cxovreba_1917_N7.pdf,http://dspace.nplg.gov.ge/bitstream/1234/240896/1/Teatri_Da_Cxovreba_1917_N7.pdf
1524733796-346,http://dspace.nplg.gov.ge/handle/1234/240913,თეატრი და ცხოვრება N20,N20,12-May-1917,1917,თბილისი : სორაპანი,"სათეატრო-სალიტერატურო ჟურნალი. ეგზემპლიარი ხარვეზიანია, აკლია მე-7 გვერდი",საქართველოს პარლამენტის ეროვნული ბიბლიოთეკა,თეატრი და ცხოვრება,Teatri_Da_Cxovreba_1917_N20.pdf,http://dspace.nplg.gov.ge/bitstream/1234/240913/1/Teatri_Da_Cxovreba_1917_N20.pdf
1524733706-302,http://dspace.nplg.gov.ge/handle/1234/241649,თეატრი და ცხოვრება N3,N3,6-Apr-1919,1919,იოსებ იმედაშვილი,"სათეატრო-სალიტერატურო ჟურნალი. ეგზემპლიარი ხარვეზიანია, აკლია მე-13 გვერდი",საქართველოს პარლამენტის ეროვნული ბიბლიოთეკა,თეატრი და ცხოვრება,Teatri_Da_Cxovreba_1919_N3.pdf,http://dspace.nplg.gov.ge/bitstream/1234/241649/1/Teatri_Da_Cxovreba_1919_N3.pdf
1524733829-362,http://dspace.nplg.gov.ge/handle/1234/240893,თეატრი და ცხოვრება N4,N4,22-Jan-1917,1917,თბილისი : სორაპანი,სათეატრო-სალიტერატურო ჟურნალი,საქართველოს პარლამენტის ეროვნული ბიბლიოთეკა,თეატრი და ცხოვრება,Teatri_Da_Cxovreba_1917_N4.pdf,http://dspace.nplg.gov.ge/bitstream/1234/240893/1/Teatri_Da_Cxovreba_1917_N4.pdf
1524733741-319,http://dspace.nplg.gov.ge/handle/1234/238186,თეატრი და ცხოვრება N2,N2,14-Jan-1918,1918,იოსებ იმედაშვილი,სათეატრო-სალიტერატურო ჟურნალი,საქართველოს პარლამენტის ეროვნული ბიბლიოთეკა,თეატრი და ცხოვრება,Teatri_Da_Cxovreba_1918_N2.pdf,http://dspace.nplg.gov.ge/bitstream/1234/238186/1/Teatri_Da_Cxovreba_1918_N2.pdf
1524733555-229,http://dspace.nplg.gov.ge/handle/1234/245418,თეატრი და ცხოვრება N10,N10,1-May-1925,1925,იოსებ იმედაშვილი,სათეატრო-სალიტერატურო ჟურნალი,საქართველოს პარლამენტის ეროვნული ბიბლიოთეკა,თეატრი და ცხოვრება,Teatri_Da_Cxovreba_1925_N10.pdf,http://dspace.nplg.gov.ge/bitstream/1234/245418/1/Teatri_Da_Cxovreba_1925_N10.pdf
1524733603-252,http://dspace.nplg.gov.ge/handle/1234/245328,თეატრი და ცხოვრება N7,N7,9-Mar-1924,1924,"თბილისი : ომში დაჭრილთა შრომის არტელი ''ახალი წრე""",სათეატრო-სალიტერატურო ჟურნალი,საქართველოს პარლამენტის ეროვნული ბიბლიოთეკა,თეატრი და ცხოვრება,Teatri_Da_Cxovreba_1924_N7.pdf,http://dspace.nplg.gov.ge/bitstream/1234/245328/1/Teatri_Da_Cxovreba_1924_N7.pdf
1524733735-316,http://dspace.nplg.gov.ge/handle/1234/238198,თეატრი და ცხოვრება N5,N5,11-Mar-1918,1918,იოსებ იმედაშვილი,სათეატრო-სალიტერატურო ჟურნალი,საქართველოს პარლამენტის ეროვნული ბიბლიოთეკა,თეატრი და ცხოვრება,Teatri_Da_Cxovreba_1918_N5.pdf,http://dspace.nplg.gov.ge/bitstream/1234/238198/1/Teatri_Da_Cxovreba_1918_N5.pdf
1524733802-349,http://dspace.nplg.gov.ge/handle/1234/240908,თეატრი და ცხოვრება N17,N17,23-Apr-1917,1917,თბილისი : სორაპანი,სათეატრო-სალიტერატურო ჟურნალი,საქართველოს პარლამენტის ეროვნული ბიბლიოთეკა,თეატრი და ცხოვრება,Teatri_Da_Cxovreba_1917_N17.pdf,http://dspace.nplg.gov.ge/bitstream/1234/240908/1/Teatri_Da_Cxovreba_1917_N17.pdf
1524733580-241,http://dspace.nplg.gov.ge/handle/1234/245404,თეატრი და ცხოვრება N18,N18,14-Dec-1924,1924,იოსებ იმედაშვილი,სათეატრო-სალიტერატურო ჟურნალი,საქართველოს პარლამენტის ეროვნული ბიბლიოთეკა,თეატრი და ცხოვრება,Teatri_Da_Cxovreba_1924_N18.pdf,http://dspace.nplg.gov.ge/bitstream/1234/245404/1/Teatri_Da_Cxovreba_1924_N18.pdf
1524733564-233,http://dspace.nplg.gov.ge/handle/1234/245413,თეატრი და ცხოვრება N6,N6,15-Mar-1925,1925,იოსებ იმედაშვილი,სათეატრო-სალიტერატურო ჟურნალი,საქართველოს პარლამენტის ეროვნული ბიბლიოთეკა,თეატრი და ცხოვრება,Teatri_Da_Cxovreba_1925_N6.pdf,http://dspace.nplg.gov.ge/bitstream/1234/245413/1/Teatri_Da_Cxovreba_1925_N6.pdf
1524733582-242,http://dspace.nplg.gov.ge/handle/1234/245403,თეატრი და ცხოვრება N17,N17,7-Dec-1924,1924,იოსებ იმედაშვილი,სათეატრო-სალიტერატურო ჟურნალი,საქართველოს პარლამენტის ეროვნული ბიბლიოთეკა,თეატრი და ცხოვრება,Teatri_Da_Cxovreba_1924_N17.pdf,http://dspace.nplg.gov.ge/bitstream/1234/245403/1/Teatri_Da_Cxovreba_1924_N17.pdf
1524733815-355,http://dspace.nplg.gov.ge/handle/1234/240900,თეატრი და ცხოვრება N11,N11,12-Mar-1917,1917,თბილისი : სორაპანი,სათეატრო-სალიტერატურო ჟურნალი,საქართველოს პარლამენტის ეროვნული ბიბლიოთეკა,თეატრი და ცხოვრება,Teatri_Da_Cxovreba_1917_N11.pdf,http://dspace.nplg.gov.ge/bitstream/1234/240900/1/Teatri_Da_Cxovreba_1917_N11.pdf
1524733675-287,http://dspace.nplg.gov.ge/handle/1234/241904,თეატრი და ცხოვრება N3,N3,25-Jan-1920,1920,იოსებ იმედაშვილი,სათეატრო-სალიტერატურო ჟურნალი,საქართველოს პარლამენტის ეროვნული ბიბლიოთეკა,თეატრი და ცხოვრება,Teatri_Da_Cxovreba_1920_N3.pdf,http://dspace.nplg.gov.ge/bitstream/1234/241904/1/Teatri_Da_Cxovreba_1920_N3.pdf
1524733558-230,http://dspace.nplg.gov.ge/handle/1234/245417,თეატრი და ცხოვრება N9,N9,23-Apr-1925,1925,იოსებ იმედაშვილი,სათეატრო-სალიტერატურო ჟურნალი,საქართველოს პარლამენტის ეროვნული ბიბლიოთეკა,თეატრი და ცხოვრება,Teatri_Da_Cxovreba_1925_N9.pdf,http://dspace.nplg.gov.ge/bitstream/1234/245417/1/Teatri_Da_Cxovreba_1925_N9.pdf
1524733755-326,http://dspace.nplg.gov.ge/handle/1234/241023,თეატრი და ცხოვრება N40,N40,15-Oct-1917,1917,იოსებ იმედაშვილი,სათეატრო-სალიტერატურო ჟურნალი,საქართველოს პარლამენტის ეროვნული ბიბლიოთეკა,თეატრი და ცხოვრება,Teatri_Da_Cxovreba_1917_N40.pdf,http://dspace.nplg.gov.ge/bitstream/1234/241023/1/Teatri_Da_Cxovreba_1917_N40.pdf
1524733685-292,http://dspace.nplg.gov.ge/handle/1234/241675,თეატრი და ცხოვრება N13,N13,30-Nov-1919,1919,იოსებ იმედაშვილი,სათეატრო-სალიტერატურო ჟურნალი,საქართველოს პარლამენტის ეროვნული ბიბლიოთეკა,თეატრი და ცხოვრება,Teatri_Da_Cxovreba_1919_N13.pdf,http://dspace.nplg.gov.ge/bitstream/1234/241675/1/Teatri_Da_Cxovreba_1919_N13.pdf
1524733584-243,http://dspace.nplg.gov.ge/handle/1234/245402,თეატრი და ცხოვრება N16,N16,30-Nov-1924,1924,იოსებ იმედაშვილი,სათეატრო-სალიტერატურო ჟურნალი,საქართველოს პარლამენტის ეროვნული ბიბლიოთეკა,თეატრი და ცხოვრება,Teatri_Da_Cxovreba_1924_N16.pdf,http://dspace.nplg.gov.ge/bitstream/1234/245402/1/Teatri_Da_Cxovreba_1924_N16.pdf
1524733658-279,http://dspace.nplg.gov.ge/handle/1234/241954,თეატრი და ცხოვრება N11,N11,21-Mar-1920,1920,იოსებ იმედაშვილი,სათეატრო-სალიტერატურო ჟურნალი,საქართველოს პარლამენტის ეროვნული ბიბლიოთეკა,თეატრი და ცხოვრება,Teatri_Da_Cxovreba_1920_N11.pdf,http://dspace.nplg.gov.ge/bitstream/1234/241954/1/Teatri_Da_Cxovreba_1920_N11.pdf
1524733813-354,http://dspace.nplg.gov.ge/handle/1234/240901,თეატრი და ცხოვრება N12,N12,19-Mar-1917,1917,თბილისი : სორაპანი,სათეატრო-სალიტერატურო ჟურნალი,საქართველოს პარლამენტის ეროვნული ბიბლიოთეკა,თეატრი და ცხოვრება,Teatri_Da_Cxovreba_1917_N12.pdf,http://dspace.nplg.gov.ge/bitstream/1234/240901/1/Teatri_Da_Cxovreba_1917_N12.pdf
1524733786-341,http://dspace.nplg.gov.ge/handle/1234/240944,თეატრი და ცხოვრება N25,N25,18-Jun-1917,1917,თბილისი : სორაპანი,სათეატრო-სალიტერატურო ჟურნალი,საქართველოს პარლამენტის ეროვნული ბიბლიოთეკა,თეატრი და ცხოვრება,Teatri_Da_Cxovreba_1917_N25.pdf,http://dspace.nplg.gov.ge/bitstream/1234/240944/1/Teatri_Da_Cxovreba_1917_N25.pdf
1524733650-275,http://dspace.nplg.gov.ge/handle/1234/241968,თეატრი და ცხოვრება N15,N15,25-Apr-1920,1920,იოსებ იმედაშვილი,"სათეატრო-სალიტერატურო ჟურნალი. ეგზემპლიარი ხარვეზიანია, აკლია 5-12 გვერდი",საქართველოს პარლამენტის ეროვნული ბიბლიოთეკა,თეატრი და ცხოვრება,Teatri_Da_Cxovreba_1920_N15.pdf,http://dspace.nplg.gov.ge/bitstream/1234/241968/1/Teatri_Da_Cxovreba_1920_N15.pdf
1524733712-305,http://dspace.nplg.gov.ge/handle/1234/238220,თეატრი და ცხოვრება N16,N16,22-Dec-1918,1918,იოსებ იმედაშვილი,სათეატრო-სალიტერატურო ჟურნალი,საქართველოს პარლამენტის ეროვნული ბიბლიოთეკა,თეატრი და ცხოვრება,Teatri_Da_Cxovreba_1918_N16.pdf,http://dspace.nplg.gov.ge/bitstream/1234/238220/1/Teatri_Da_Cxovreba_1918_N16.pdf
1524733623-262,http://dspace.nplg.gov.ge/handle/1234/242046,თეატრი და ცხოვრება N28,N28,1-Aug-1920,1920,თბილისი : ქართული ბეჭვითი ამხანაგობა,სათეატრო-სალიტერატურო ჟურნალი,საქართველოს პარლამენტის ეროვნული ბიბლიოთეკა,თეატრი და ცხოვრება,Teatri_Da_Cxovreba_1920_N28.pdf,http://dspace.nplg.gov.ge/bitstream/1234/242046/1/Teatri_Da_Cxovreba_1920_N28.pdf
1524733716-307,http://dspace.nplg.gov.ge/handle/1234/238216,თეატრი და ცხოვრება N14,N14,20-Oct-1918,1918,იოსებ იმედაშვილი,სათეატრო-სალიტერატურო ჟურნალი,საქართველოს პარლამენტის ეროვნული ბიბლიოთეკა,თეატრი და ცხოვრება,Teatri_Da_Cxovreba_1918_N14.pdf,http://dspace.nplg.gov.ge/bitstream/1234/238216/1/Teatri_Da_Cxovreba_1918_N14.pdf
1524733634-267,http://dspace.nplg.gov.ge/handle/1234/242037,თეატრი და ცხოვრება N23,N23,27-Jun-1920,1920,თბილისი : ქართული ბეჭვითი ამხანაგობა,სათეატრო-სალიტერატურო ჟურნალი,საქართველოს პარლამენტის ეროვნული ბიბლიოთეკა,თეატრი და ცხოვრება,Teatri_Da_Cxovreba_1920_N23.pdf,http://dspace.nplg.gov.ge/bitstream/1234/242037/1/Teatri_Da_Cxovreba_1920_N23.pdf
1524733691-295,http://dspace.nplg.gov.ge/handle/1234/241670,თეატრი და ცხოვრება N10,N10,14-Sep-1919,1919,იოსებ იმედაშვილი,სათეატრო-სალიტერატურო ჟურნალი,საქართველოს პარლამენტის ეროვნული ბიბლიოთეკა,თეატრი და ცხოვრება,Teatri_Da_Cxovreba_1919_N10.pdf,http://dspace.nplg.gov.ge/bitstream/1234/241670/1/Teatri_Da_Cxovreba_1919_N10.pdf
1524733811-353,http://dspace.nplg.gov.ge/handle/1234/240903,თეატრი და ცხოვრება N13,N13,26-Mar-1917,1917,თბილისი : სორაპანი,სათეატრო-სალიტერატურო ჟურნალი,საქართველოს პარლამენტის ეროვნული ბიბლიოთეკა,თეატრი და ცხოვრება,Teatri_Da_Cxovreba_1917_N13.pdf,http://dspace.nplg.gov.ge/bitstream/1234/240903/1/Teatri_Da_Cxovreba_1917_N13.pdf
1524733770-333,http://dspace.nplg.gov.ge/handle/1234/240980,თეატრი და ცხოვრება N33,N33,20-Aug-1917,1917,თბილისი : სორაპანი,სათეატრო-სალიტერატურო ჟურნალი,საქართველოს პარლამენტის ეროვნული ბიბლიოთეკა,თეატრი და ცხოვრება,Teatri_Da_Cxovreba_1917_N33.pdf,http://dspace.nplg.gov.ge/bitstream/1234/240980/1/Teatri_Da_Cxovreba_1917_N33.pdf
1524733704-301,http://dspace.nplg.gov.ge/handle/1234/241653,თეატრი და ცხოვრება N4,N4,20-Apr-1919,1919,იოსებ იმედაშვილი,"სათეატრო-სალიტერატურო ჟურნალი. ეგზემპლიარი ხარვეზიანია, აკლია: მე-3, მე-4, მე-6_მე-10, მე-14 გვერდი",საქართველოს პარლამენტის ეროვნული ბიბლიოთეკა,თეატრი და ცხოვრება,Teatri_Da_Cxovreba_1919_N4.pdf,http://dspace.nplg.gov.ge/bitstream/1234/241653/1/Teatri_Da_Cxovreba_1919_N4.pdf
1524733613-257,http://dspace.nplg.gov.ge/handle/1234/245320,თეატრი და ცხოვრება N2,N2,16-Jan-1924,1924,"თბილისი : ომში დაჭრილთა შრომის არტელი ''ახალი წრე""",სათეატრო-სალიტერატურო ჟურნალი,საქართველოს პარლამენტის ეროვნული ბიბლიოთეკა,თეატრი და ცხოვრება,Teatri_Da_Cxovreba_1924_N2.pdf,http://dspace.nplg.gov.ge/bitstream/1234/245320/1/Teatri_Da_Cxovreba_1924_N2.pdf
1524733702-300,http://dspace.nplg.gov.ge/handle/1234/241656,თეატრი და ცხოვრება N5,N5,11-May-1919,1919,იოსებ იმედაშვილი,"სათეატრო-სალიტერატურო ჟურნალი. ეგზემპლიარი ხარვეზიანია, აკლია VII-X გვერდი",საქართველოს პარლამენტის ეროვნული ბიბლიოთეკა,თეატრი და ცხოვრება,Teatri_Da_Cxovreba_1919_N5.pdf,http://dspace.nplg.gov.ge/bitstream/1234/241656/1/Teatri_Da_Cxovreba_1919_N5.pdf
1524733553-228,http://dspace.nplg.gov.ge/handle/1234/245419,თეატრი და ცხოვრება N11,N11,17-May-1925,1925,იოსებ იმედაშვილი,სათეატრო-სალიტერატურო ჟურნალი,საქართველოს პარლამენტის ეროვნული ბიბლიოთეკა,თეატრი და ცხოვრება,Teatri_Da_Cxovreba_1925_N11.pdf,http://dspace.nplg.gov.ge/bitstream/1234/245419/1/Teatri_Da_Cxovreba_1925_N11.pdf
1524733576-239,http://dspace.nplg.gov.ge/handle/1234/245406,თეატრი და ცხოვრება N20,N20,28-Dec-1924,1924,იოსებ იმედაშვილი,სათეატრო-სალიტერატურო ჟურნალი,საქართველოს პარლამენტის ეროვნული ბიბლიოთეკა,თეატრი და ცხოვრება,Teatri_Da_Cxovreba_1924_N20.pdf,http://dspace.nplg.gov.ge/bitstream/1234/245406/1/Teatri_Da_Cxovreba_1924_N20.pdf
1524733825-360,http://dspace.nplg.gov.ge/handle/1234/240895,თეატრი და ცხოვრება N6,N6,4-Feb-1917,1917,თბილისი : სორაპანი,სათეატრო-სალიტერატურო ჟურნალი,საქართველოს პარლამენტის ეროვნული ბიბლიოთეკა,თეატრი და ცხოვრება,Teatri_Da_Cxovreba_1917_N6.pdf,http://dspace.nplg.gov.ge/bitstream/1234/240895/1/Teatri_Da_Cxovreba_1917_N6.pdf
1524733743-320,http://dspace.nplg.gov.ge/handle/1234/238183,თეატრი და ცხოვრება N1,N1,1-Jan-1918,1918,იოსებ იმედაშვილი,სათეატრო-სალიტერატურო ჟურნალი,საქართველოს პარლამენტის ეროვნული ბიბლიოთეკა,თეატრი და ცხოვრება,Teatri_Da_Cxovreba_1918_N1.pdf,http://dspace.nplg.gov.ge/bitstream/1234/238183/1/Teatri_Da_Cxovreba_1918_N1.pdf
1524733809-352,http://dspace.nplg.gov.ge/handle/1234/240904,თეატრი და ცხოვრება N14,N14,2-Apr-1917,1917,თბილისი : სორაპანი,სათეატრო-სალიტერატურო ჟურნალი,საქართველოს პარლამენტის ეროვნული ბიბლიოთეკა,თეატრი და ცხოვრება,Teatri_Da_Cxovreba_1917_N14.pdf,http://dspace.nplg.gov.ge/bitstream/1234/240904/1/Teatri_Da_Cxovreba_1917_N14.pdf
1524733687-293,http://dspace.nplg.gov.ge/handle/1234/241674,თეატრი და ცხოვრება N12,N12,9-Nov-1919,1919,იოსებ იმედაშვილი,სათეატრო-სალიტერატურო ჟურნალი,საქართველოს პარლამენტის ეროვნული ბიბლიოთეკა,თეატრი და ცხოვრება,Teatri_Da_Cxovreba_1919_N12.pdf,http://dspace.nplg.gov.ge/bitstream/1234/241674/1/Teatri_Da_Cxovreba_1919_N12.pdf
1524733737-317,http://dspace.nplg.gov.ge/handle/1234/238196,თეატრი და ცხოვრება N4,N4,18-Feb-1918,1918,იოსებ იმედაშვილი,სათეატრო-სალიტერატურო ჟურნალი,საქართველოს პარლამენტის ეროვნული ბიბლიოთეკა,თეატრი და ცხოვრება,Teatri_Da_Cxovreba_1918_N4.pdf,http://dspace.nplg.gov.ge/bitstream/1234/238196/1/Teatri_Da_Cxovreba_1918_N4.pdf
1524733788-342,http://dspace.nplg.gov.ge/handle/1234/240943,თეატრი და ცხოვრება N24,N24,11-Jun-1917,1917,თბილისი : სორაპანი,სათეატრო-სალიტერატურო ჟურნალი,საქართველოს პარლამენტის ეროვნული ბიბლიოთეკა,თეატრი და ცხოვრება,Teatri_Da_Cxovreba_1917_N24.pdf,http://dspace.nplg.gov.ge/bitstream/1234/240943/1/Teatri_Da_Cxovreba_1917_N24.pdf
1524733547-225,http://dspace.nplg.gov.ge/handle/1234/244351,თეატრი და ცხოვრება N14,N14,Jan-1926,1926,იოსებ იმედაშვილი,სათეატრო-სალიტერატურო ჟურნალი,საქართველოს პარლამენტის ეროვნული ბიბლიოთეკა,თეატრი და ცხოვრება,Teatri_Da_Cxovreba_1926_N14.pdf,http://dspace.nplg.gov.ge/bitstream/1234/244351/1/Teatri_Da_Cxovreba_1926_N14.pdf
1524733693-296,http://dspace.nplg.gov.ge/handle/1234/241668,თეატრი და ცხოვრება N9,N9,10-Aug-1919,1919,იოსებ იმედაშვილი,სათეატრო-სალიტერატურო ჟურნალი,საქართველოს პარლამენტის ეროვნული ბიბლიოთეკა,თეატრი და ცხოვრება,Teatri_Da_Cxovreba_1919_N9.pdf,http://dspace.nplg.gov.ge/bitstream/1234/241668/1/Teatri_Da_Cxovreba_1919_N9.pdf
1524733578-240,http://dspace.nplg.gov.ge/handle/1234/245405,თეატრი და ცხოვრება N19,N19,21-Dec-1924,1924,იოსებ იმედაშვილი,სათეატრო-სალიტერატურო ჟურნალი,საქართველოს პარლამენტის ეროვნული ბიბლიოთეკა,თეატრი და ცხოვრება,Teatri_Da_Cxovreba_1924_N19.pdf,http://dspace.nplg.gov.ge/bitstream/1234/245405/1/Teatri_Da_Cxovreba_1924_N19.pdf
1524733599-250,http://dspace.nplg.gov.ge/handle/1234/245330,თეატრი და ცხოვრება N9,N9,13-Apr-1924,1924,იოსებ იმედაშვილი,სათეატრო-სალიტერატურო ჟურნალი,საქართველოს პარლამენტის ეროვნული ბიბლიოთეკა,თეატრი და ცხოვრება,Teatri_Da_Cxovreba_1924_N9.pdf,http://dspace.nplg.gov.ge/bitstream/1234/245330/1/Teatri_Da_Cxovreba_1924_N9.pdf
1524733726-312,http://dspace.nplg.gov.ge/handle/1234/238205,თეატრი და ცხოვრება N9,N9,16-Jun-1918,1918,იოსებ იმედაშვილი,სათეატრო-სალიტერატურო ჟურნალი,საქართველოს პარლამენტის ეროვნული ბიბლიოთეკა,თეატრი და ცხოვრება,Teatri_Da_Cxovreba_1918_N9.pdf,http://dspace.nplg.gov.ge/bitstream/1234/238205/1/Teatri_Da_Cxovreba_1918_N9.pdf
1524733595-248,http://dspace.nplg.gov.ge/handle/1234/245397,თეატრი და ცხოვრება N11,N11,1-Jun-1924,1924,იოსებ იმედაშვილი,სათეატრო-სალიტერატურო ჟურნალი,საქართველოს პარლამენტის ეროვნული ბიბლიოთეკა,თეატრი და ცხოვრება,Teatri_Da_Cxovreba_1924_N11.pdf,http://dspace.nplg.gov.ge/bitstream/1234/245397/1/Teatri_Da_Cxovreba_1924_N11.pdf
1524733804-350,http://dspace.nplg.gov.ge/handle/1234/240906,თეატრი და ცხოვრება N16,N16,16-Apr-1917,1917,თბილისი : სორაპანი,სათეატრო-სალიტერატურო ჟურნალი,საქართველოს პარლამენტის ეროვნული ბიბლიოთეკა,თეატრი და ცხოვრება,Teatri_Da_Cxovreba_1917_N16.pdf,http://dspace.nplg.gov.ge/bitstream/1234/240906/1/Teatri_Da_Cxovreba_1917_N16.pdf
1524733673-286,http://dspace.nplg.gov.ge/handle/1234/241908,თეატრი და ცხოვრება N4,N4,1-Feb-1920,1920,იოსებ იმედაშვილი,სათეატრო-სალიტერატურო ჟურნალი,საქართველოს პარლამენტის ეროვნული ბიბლიოთეკა,თეატრი და ცხოვრება,Teatri_Da_Cxovreba_1920_N4.pdf,http://dspace.nplg.gov.ge/bitstream/1234/241908/1/Teatri_Da_Cxovreba_1920_N4.pdf
1524733757-327,http://dspace.nplg.gov.ge/handle/1234/241019,თეატრი და ცხოვრება N39,N39,3-Oct-1917,1917,იოსებ იმედაშვილი,"სათეატრო-სალიტერატურო ჟურნალი. ეგზემპლიარი ხარვეზიანია, აკლია მე-5 და მე-6 გვერდი",საქართველოს პარლამენტის ეროვნული ბიბლიოთეკა,თეატრი და ცხოვრება,Teatri_Da_Cxovreba_1917_N39.pdf,http://dspace.nplg.gov.ge/bitstream/1234/241019/1/Teatri_Da_Cxovreba_1917_N39.pdf
1524733669-284,http://dspace.nplg.gov.ge/handle/1234/241928,თეატრი და ცხოვრება N6,N6,15-Feb-1920,1920,იოსებ იმედაშვილი,"სათეატრო-სალიტერატურო ჟურნალი. ეგზემპლიარი ხარვეზიანია, აკლია 7-10 გვერდი",საქართველოს პარლამენტის ეროვნული ბიბლიოთეკა,თეატრი და ცხოვრება,Teatri_Da_Cxovreba_1920_N6.pdf,http://dspace.nplg.gov.ge/bitstream/1234/241928/1/Teatri_Da_Cxovreba_1920_N6.pdf
1524733644-272,http://dspace.nplg.gov.ge/handle/1234/242025,თეატრი და ცხოვრება N18,N18,16-May-1920,1920,თბილისი : ქართული ბეჭვითი ამხანაგობა,სათეატრო-სალიტერატურო ჟურნალი,საქართველოს პარლამენტის ეროვნული ბიბლიოთეკა,თეატრი და ცხოვრება,Teatri_Da_Cxovreba_1920_N18.pdf,http://dspace.nplg.gov.ge/bitstream/1234/242025/1/Teatri_Da_Cxovreba_1920_N18.pdf
1524733640-270,http://dspace.nplg.gov.ge/handle/1234/242030,თეატრი და ცხოვრება N20,N20,6-Jun-1920,1920,თბილისი : ქართული ბეჭვითი ამხანაგობა,სათეატრო-სალიტერატურო ჟურნალი,საქართველოს პარლამენტის ეროვნული ბიბლიოთეკა,თეატრი და ცხოვრება,Teatri_Da_Cxovreba_1920_N20.pdf,http://dspace.nplg.gov.ge/bitstream/1234/242030/1/Teatri_Da_Cxovreba_1920_N20.pdf
1524733710-304,http://dspace.nplg.gov.ge/handle/1234/241638,თეატრი და ცხოვრება N1,N1,2-Feb-1919,1919,იოსებ იმედაშვილი,სათეატრო-სალიტერატურო ჟურნალი,საქართველოს პარლამენტის ეროვნული ბიბლიოთეკა,თეატრი და ცხოვრება,Teatri_Da_Cxovreba_1919_N1.pdf,http://dspace.nplg.gov.ge/bitstream/1234/241638/1/Teatri_Da_Cxovreba_1919_N1.pdf
1524733767-332,http://dspace.nplg.gov.ge/handle/1234/240982,თეატრი და ცხოვრება N34,N34,27-Aug-1917,1917,თბილისი : სორაპანი,სათეატრო-სალიტერატურო ჟურნალი,საქართველოს პარლამენტის ეროვნული ბიბლიოთეკა,თეატრი და ცხოვრება,Teatri_Da_Cxovreba_1917_N34.pdf,http://dspace.nplg.gov.ge/bitstream/1234/240982/1/Teatri_Da_Cxovreba_1917_N34.pdf
1524733745-321,http://dspace.nplg.gov.ge/handle/1234/241053,თეატრი და ცხოვრება N45,N45,25-Dec-1917,1917,იოსებ იმედაშვილი,"სათეატრო-სალიტერატურო ჟურნალი. ეგზემპლიარი ხარვეზიანია, აკლია: მე-3, მე-4, მე-7 და მე-8 გვერდი",საქართველოს პარლამენტის ეროვნული ბიბლიოთეკა,თეატრი და ცხოვრება,Teatri_Da_Cxovreba_1917_N45.pdf,http://dspace.nplg.gov.ge/bitstream/1234/241053/1/Teatri_Da_Cxovreba_1917_N45.pdf
1524733724-311,http://dspace.nplg.gov.ge/handle/1234/238206,თეატრი და ცხოვრება N10,N10,7-Jul-1918,1918,იოსებ იმედაშვილი,სათეატრო-სალიტერატურო ჟურნალი,საქართველოს პარლამენტის ეროვნული ბიბლიოთეკა,თეატრი და ცხოვრება,Teatri_Da_Cxovreba_1918_N10.pdf,http://dspace.nplg.gov.ge/bitstream/1234/238206/1/Teatri_Da_Cxovreba_1918_N10.pdf
1524733835-365,http://dspace.nplg.gov.ge/handle/1234/240890,თეატრი და ცხოვრება N1,N1,1-Jan-1917,1917,თბილისი : სორაპანი,სათეატრო-სალიტერატურო ჟურნალი,საქართველოს პარლამენტის ეროვნული ბიბლიოთეკა,თეატრი და ცხოვრება,Teatri_Da_Cxovreba_1917_N1.pdf,http://dspace.nplg.gov.ge/bitstream/1234/240890/1/Teatri_Da_Cxovreba_1917_N1.pdf
1524733646-273,http://dspace.nplg.gov.ge/handle/1234/242023,თეატრი და ცხოვრება N17,N17,9-May-1920,1920,თბილისი : ქართული ბეჭვითი ამხანაგობა,სათეატრო-სალიტერატურო ჟურნალი,საქართველოს პარლამენტის ეროვნული ბიბლიოთეკა,თეატრი და ცხოვრება,Teatri_Da_Cxovreba_1920_N17.pdf,http://dspace.nplg.gov.ge/bitstream/1234/242023/1/Teatri_Da_Cxovreba_1920_N17.pdf
1524733697-298,http://dspace.nplg.gov.ge/handle/1234/241661,თეატრი და ცხოვრება N7,N7,15-Jun-1919,1919,იოსებ იმედაშვილი,"სათეატრო-სალიტერატურო ჟურნალი. ეგზემპლიარი ხარვეზიანია, აკლია VII-X გვერდი",საქართველოს პარლამენტის ეროვნული ბიბლიოთეკა,თეატრი და ცხოვრება,Teatri_Da_Cxovreba_1919_N7.pdf,http://dspace.nplg.gov.ge/bitstream/1234/241661/1/Teatri_Da_Cxovreba_1919_N7.pdf
1524733833-364,http://dspace.nplg.gov.ge/handle/1234/240891,თეატრი და ცხოვრება N2,N2,8-Jan-1917,1917,თბილისი : სორაპანი,სათეატრო-სალიტერატურო ჟურნალი,საქართველოს პარლამენტის ეროვნული ბიბლიოთეკა,თეატრი და ცხოვრება,Teatri_Da_Cxovreba_1917_N2.pdf,http://dspace.nplg.gov.ge/bitstream/1234/240891/1/Teatri_Da_Cxovreba_1917_N2.pdf
1524733593-247,http://dspace.nplg.gov.ge/handle/1234/245398,თეატრი და ცხოვრება N12,N12,22-Jun-1924,1924,იოსებ იმედაშვილი,სათეატრო-სალიტერატურო ჟურნალი,საქართველოს პარლამენტის ეროვნული ბიბლიოთეკა,თეატრი და ცხოვრება,Teatri_Da_Cxovreba_1924_N12.pdf,http://dspace.nplg.gov.ge/bitstream/1234/245398/1/Teatri_Da_Cxovreba_1924_N12.pdf
1524733759-328,http://dspace.nplg.gov.ge/handle/1234/241012,თეატრი და ცხოვრება N38,N38,1-Oct-1917,1917,იოსებ იმედაშვილი,სათეატრო-სალიტერატურო ჟურნალი,საქართველოს პარლამენტის ეროვნული ბიბლიოთეკა,თეატრი და ცხოვრება,Teatri_Da_Cxovreba_1917_N38.pdf,http://dspace.nplg.gov.ge/bitstream/1234/241012/1/Teatri_Da_Cxovreba_1917_N38.pdf
1524733636-268,http://dspace.nplg.gov.ge/handle/1234/242034,თეატრი და ცხოვრება N22,N22,20-Jun-1920,1920,თბილისი : ქართული ბეჭვითი ამხანაგობა,"სათეატრო-სალიტერატურო ჟურნალი. ეგზემპლიარი ხარვეზიანია, აკლია 3-4 გვერდი",საქართველოს პარლამენტის ეროვნული ბიბლიოთეკა,თეატრი და ცხოვრება,Teatri_Da_Cxovreba_1920_N22.pdf,http://dspace.nplg.gov.ge/bitstream/1234/242034/1/Teatri_Da_Cxovreba_1920_N22.pdf
1524733630-265,http://dspace.nplg.gov.ge/handle/1234/242041,თეატრი და ცხოვრება N25,N25,11-Jul-1920,1920,თბილისი : ქართული ბეჭვითი ამხანაგობა,სათეატრო-სალიტერატურო ჟურნალი,საქართველოს პარლამენტის ეროვნული ბიბლიოთეკა,თეატრი და ცხოვრება,Teatri_Da_Cxovreba_1920_N25.pdf,http://dspace.nplg.gov.ge/bitstream/1234/242041/1/Teatri_Da_Cxovreba_1920_N25.pdf
1524733609-255,http://dspace.nplg.gov.ge/handle/1234/245324,თეატრი და ცხოვრება N4,N4,3-Feb-1924,1924,"თბილისი : ომში დაჭრილთა შრომის არტელი ''ახალი წრე""",სათეატრო-სალიტერატურო ჟურნალი,საქართველოს პარლამენტის ეროვნული ბიბლიოთეკა,თეატრი და ცხოვრება,Teatri_Da_Cxovreba_1924_N4.pdf,http://dspace.nplg.gov.ge/bitstream/1234/245324/1/Teatri_Da_Cxovreba_1924_N4.pdf
1524733590-246,http://dspace.nplg.gov.ge/handle/1234/245399,თეატრი და ცხოვრება N13,N13,10-Jul-1924,1924,იოსებ იმედაშვილი,სათეატრო-სალიტერატურო ჟურნალი,საქართველოს პარლამენტის ეროვნული ბიბლიოთეკა,თეატრი და ცხოვრება,Teatri_Da_Cxovreba_1924_N13.pdf,http://dspace.nplg.gov.ge/bitstream/1234/245399/1/Teatri_Da_Cxovreba_1924_N13.pdf
1524733817-356,http://dspace.nplg.gov.ge/handle/1234/240899,თეატრი და ცხოვრება N10,N10,5-Mar-1917,1917,თბილისი : სორაპანი,სათეატრო-სალიტერატურო ჟურნალი,საქართველოს პარლამენტის ეროვნული ბიბლიოთეკა,თეატრი და ცხოვრება,Teatri_Da_Cxovreba_1917_N10.pdf,http://dspace.nplg.gov.ge/bitstream/1234/240899/1/Teatri_Da_Cxovreba_1917_N10.pdf
1524733607-254,http://dspace.nplg.gov.ge/handle/1234/245325,თეატრი და ცხოვრება N5,N5,17-Feb-1924,1924,"თბილისი : ომში დაჭრილთა შრომის არტელი ''ახალი წრე""",სათეატრო-სალიტერატურო ჟურნალი,საქართველოს პარლამენტის ეროვნული ბიბლიოთეკა,თეატრი და ცხოვრება,Teatri_Da_Cxovreba_1924_N5.pdf,http://dspace.nplg.gov.ge/bitstream/1234/245325/1/Teatri_Da_Cxovreba_1924_N5.pdf
1524733714-306,http://dspace.nplg.gov.ge/handle/1234/238218,თეატრი და ცხოვრება N15,N15,22-Nov-1918,1918,იოსებ იმედაშვილი,სათეატრო-სალიტერატურო ჟურნალი,საქართველოს პარლამენტის ეროვნული ბიბლიოთეკა,თეატრი და ცხოვრება,Teatri_Da_Cxovreba_1918_N15.pdf,http://dspace.nplg.gov.ge/bitstream/1234/238218/1/Teatri_Da_Cxovreba_1918_N15.pdf
1524733632-266,http://dspace.nplg.gov.ge/handle/1234/242038,თეატრი და ცხოვრება N24,N24,4-Jul-1920,1920,თბილისი : ქართული ბეჭვითი ამხანაგობა,სათეატრო-სალიტერატურო ჟურნალი,საქართველოს პარლამენტის ეროვნული ბიბლიოთეკა,თეატრი და ცხოვრება,Teatri_Da_Cxovreba_1920_N24.pdf,http://dspace.nplg.gov.ge/bitstream/1234/242038/1/Teatri_Da_Cxovreba_1920_N24.pdf
1524733730-314,http://dspace.nplg.gov.ge/handle/1234/238201,თეატრი და ცხოვრება N7,N7,5-May-1918,1918,იოსებ იმედაშვილი,სათეატრო-სალიტერატურო ჟურნალი,საქართველოს პარლამენტის ეროვნული ბიბლიოთეკა,თეატრი და ცხოვრება,Teatri_Da_Cxovreba_1918_N7.pdf,http://dspace.nplg.gov.ge/bitstream/1234/238201/1/Teatri_Da_Cxovreba_1918_N7.pdf
1524733648-274,http://dspace.nplg.gov.ge/handle/1234/242020,თეატრი და ცხოვრება N16,N16,1-May-1920,1920,თბილისი : ქართული ბეჭვითი ამხანაგობა,"სათეატრო-სალიტერატურო ჟურნალი. ეგზემპლიარი ხარვეზიანია, აკლია 5-12 გვერდი",საქართველოს პარლამენტის ეროვნული ბიბლიოთეკა,თეატრი და ცხოვრება,Teatri_Da_Cxovreba_1920_N16.pdf,http://dspace.nplg.gov.ge/bitstream/1234/242020/1/Teatri_Da_Cxovreba_1920_N16.pdf
1524733774-335,http://dspace.nplg.gov.ge/handle/1234/240975,თეატრი და ცხოვრება N31,N31,30-Jul-1917,1917,თბილისი : სორაპანი,სათეატრო-სალიტერატურო ჟურნალი,საქართველოს პარლამენტის ეროვნული ბიბლიოთეკა,თეატრი და ცხოვრება,Teatri_Da_Cxovreba_1917_N31.pdf,http://dspace.nplg.gov.ge/bitstream/1234/240975/1/Teatri_Da_Cxovreba_1917_N31.pdf
1524733677-288,http://dspace.nplg.gov.ge/handle/1234/241902,თეატრი და ცხოვრება N2,N2,18-Jan-1920,1920,იოსებ იმედაშვილი,სათეატრო-სალიტერატურო ჟურნალი,საქართველოს პარლამენტის ეროვნული ბიბლიოთეკა,თეატრი და ცხოვრება,Teatri_Da_Cxovreba_1920_N2.pdf,http://dspace.nplg.gov.ge/bitstream/1234/241902/1/Teatri_Da_Cxovreba_1920_N2.pdf
1524733739-318,http://dspace.nplg.gov.ge/handle/1234/238190,თეატრი და ცხოვრება N3,N3,28-Jan-1918,1918,იოსებ იმედაშვილი,"სათეატრო-სალიტერატურო ჟურნალი. ჟურნალი ხარვეზიანია, აკლია მე-5, მე-6, მე-11, მე-12 გვერდი",საქართველოს პარლამენტის ეროვნული ბიბლიოთეკა,თეატრი და ცხოვრება,Teatri_Da_Cxovreba_1918_N3.pdf,http://dspace.nplg.gov.ge/bitstream/1234/238190/1/Teatri_Da_Cxovreba_1918_N3.pdf
1524733780-338,http://dspace.nplg.gov.ge/handle/1234/240967,თეატრი და ცხოვრება N28,N28,9-Jul-1917,1917,თბილისი : სორაპანი,სათეატრო-სალიტერატურო ჟურნალი,საქართველოს პარლამენტის ეროვნული ბიბლიოთეკა,თეატრი და ცხოვრება,Teatri_Da_Cxovreba_1917_N28.pdf,http://dspace.nplg.gov.ge/bitstream/1234/240967/1/Teatri_Da_Cxovreba_1917_N28.pdf
1524733562-232,http://dspace.nplg.gov.ge/handle/1234/245414,თეატრი და ცხოვრება N7,N7,29-Mar-1925,1925,იოსებ იმედაშვილი,სათეატრო-სალიტერატურო ჟურნალი,საქართველოს პარლამენტის ეროვნული ბიბლიოთეკა,თეატრი და ცხოვრება,Teatri_Da_Cxovreba_1925_N7.pdf,http://dspace.nplg.gov.ge/bitstream/1234/245414/1/Teatri_Da_Cxovreba_1925_N7.pdf
1524733667-283,http://dspace.nplg.gov.ge/handle/1234/241936,თეატრი და ცხოვრება N7,N7,22-Feb-1920,1920,იოსებ იმედაშვილი,"სათეატრო-სალიტერატურო ჟურნალი. ეგზემპლიარი ხარვეზიანია, აკლია 5-12 გვერდი",საქართველოს პარლამენტის ეროვნული ბიბლიოთეკა,თეატრი და ცხოვრება,Teatri_Da_Cxovreba_1920_N7.pdf,http://dspace.nplg.gov.ge/bitstream/1234/241936/1/Teatri_Da_Cxovreba_1920_N7.pdf
1524733652-276,http://dspace.nplg.gov.ge/handle/1234/241962,თეატრი და ცხოვრება N14,N14,18-Apr-1920,1920,იოსებ იმედაშვილი,სათეატრო-სალიტერატურო ჟურნალი,საქართველოს პარლამენტის ეროვნული ბიბლიოთეკა,თეატრი და ცხოვრება,Teatri_Da_Cxovreba_1920_N14.pdf,http://dspace.nplg.gov.ge/bitstream/1234/241962/1/Teatri_Da_Cxovreba_1920_N14.pdf
1524733560-231,http://dspace.nplg.gov.ge/handle/1234/245415,თეატრი და ცხოვრება N8,N8,6-Apr-1925,1925,იოსებ იმედაშვილი,სათეატრო-სალიტერატურო ჟურნალი,საქართველოს პარლამენტის ეროვნული ბიბლიოთეკა,თეატრი და ცხოვრება,Teatri_Da_Cxovreba_1925_N8.pdf,http://dspace.nplg.gov.ge/bitstream/1234/245415/1/Teatri_Da_Cxovreba_1925_N8.pdf
1524733597-249,http://dspace.nplg.gov.ge/handle/1234/245331,თეატრი და ცხოვრება N10,N10,1-May-1924,1924,იოსებ იმედაშვილი,სათეატრო-სალიტერატურო ჟურნალი,საქართველოს პარლამენტის ეროვნული ბიბლიოთეკა,თეატრი და ცხოვრება,Teatri_Da_Cxovreba_1924_N10.pdf,http://dspace.nplg.gov.ge/bitstream/1234/245331/1/Teatri_Da_Cxovreba_1924_N10.pdf
1524733751-324,http://dspace.nplg.gov.ge/handle/1234/241042,თეატრი და ცხოვრება N42,N42,5-Nov-1917,1917,იოსებ იმედაშვილი,სათეატრო-სალიტერატურო ჟურნალი,საქართველოს პარლამენტის ეროვნული ბიბლიოთეკა,თეატრი და ცხოვრება,Teatri_Da_Cxovreba_1917_N42.pdf,http://dspace.nplg.gov.ge/bitstream/1234/241042/1/Teatri_Da_Cxovreba_1917_N42.pdf
1524733728-313,http://dspace.nplg.gov.ge/handle/1234/238202,თეატრი და ცხოვრება N8,N8,2-Jun-1918,1918,იოსებ იმედაშვილი,სათეატრო-სალიტერატურო ჟურნალი,საქართველოს პარლამენტის ეროვნული ბიბლიოთეკა,თეატრი და ცხოვრება,Teatri_Da_Cxovreba_1918_N8.pdf,http://dspace.nplg.gov.ge/bitstream/1234/238202/1/Teatri_Da_Cxovreba_1918_N8.pdf
1524733549-226,http://dspace.nplg.gov.ge/handle/1234/245421,თეატრი და ცხოვრება N13,N13,Dec-1925,1925,იოსებ იმედაშვილი,სათეატრო-სალიტერატურო ჟურნალი,საქართველოს პარლამენტის ეროვნული ბიბლიოთეკა,თეატრი და ცხოვრება,Teatri_Da_Cxovreba_1925_N13.pdf,http://dspace.nplg.gov.ge/bitstream/1234/245421/1/Teatri_Da_Cxovreba_1925_N13.pdf
1524733784-340,http://dspace.nplg.gov.ge/handle/1234/240963,თეატრი და ცხოვრება N26,N26,25-Jun-1917,1917,თბილისი : სორაპანი,სათეატრო-სალიტერატურო ჟურნალი,საქართველოს პარლამენტის ეროვნული ბიბლიოთეკა,თეატრი და ცხოვრება,Teatri_Da_Cxovreba_1917_N26.pdf,http://dspace.nplg.gov.ge/bitstream/1234/240963/1/Teatri_Da_Cxovreba_1917_N26.pdf
1524733588-245,http://dspace.nplg.gov.ge/handle/1234/245400,თეატრი და ცხოვრება N14,N14,15-Jul-1924,1924,იოსებ იმედაშვილი,სათეატრო-სალიტერატურო ჟურნალი,საქართველოს პარლამენტის ეროვნული ბიბლიოთეკა,თეატრი და ცხოვრება,Teatri_Da_Cxovreba_1924_N14.pdf,http://dspace.nplg.gov.ge/bitstream/1234/245400/1/Teatri_Da_Cxovreba_1924_N14.pdf
1524733605-253,http://dspace.nplg.gov.ge/handle/1234/245327,თეატრი და ცხოვრება N6,N6,2-Mar-1924,1924,"თბილისი : ომში დაჭრილთა შრომის არტელი ''ახალი წრე""",სათეატრო-სალიტერატურო ჟურნალი,საქართველოს პარლამენტის ეროვნული ბიბლიოთეკა,თეატრი და ცხოვრება,Teatri_Da_Cxovreba_1924_N6.pdf,http://dspace.nplg.gov.ge/bitstream/1234/245327/1/Teatri_Da_Cxovreba_1924_N6.pdf
1524733732-315,http://dspace.nplg.gov.ge/handle/1234/238199,თეატრი და ცხოვრება N6,N6,2-Apr-1918,1918,იოსებ იმედაშვილი,სათეატრო-სალიტერატურო ჟურნალი,საქართველოს პარლამენტის ეროვნული ბიბლიოთეკა,თეატრი და ცხოვრება,Teatri_Da_Cxovreba_1918_N6.pdf,http://dspace.nplg.gov.ge/bitstream/1234/238199/1/Teatri_Da_Cxovreba_1918_N6.pdf
1524733681-290,http://dspace.nplg.gov.ge/handle/1234/241683,თეატრი და ცხოვრება N15,N15,21-Dec-1919,1919,იოსებ იმედაშვილი,სათეატრო-სალიტერატურო ჟურნალი,საქართველოს პარლამენტის ეროვნული ბიბლიოთეკა,თეატრი და ცხოვრება,Teatri_Da_Cxovreba_1919_N15.pdf,http://dspace.nplg.gov.ge/bitstream/1234/241683/1/Teatri_Da_Cxovreba_1919_N15.pdf
1524733568-235,http://dspace.nplg.gov.ge/handle/1234/245411,თეატრი და ცხოვრება N4,N4,22-Feb-1925,1925,იოსებ იმედაშვილი,სათეატრო-სალიტერატურო ჟურნალი,საქართველოს პარლამენტის ეროვნული ბიბლიოთეკა,თეატრი და ცხოვრება,Teatri_Da_Cxovreba_1925_N4.pdf,http://dspace.nplg.gov.ge/bitstream/1234/245411/1/Teatri_Da_Cxovreba_1925_N4.pdf
1524733749-323,http://dspace.nplg.gov.ge/handle/1234/241044,თეატრი და ცხოვრება N43,N43,19-Nov-1917,1917,იოსებ იმედაშვილი,სათეატრო-სალიტერატურო ჟურნალი,საქართველოს პარლამენტის ეროვნული ბიბლიოთეკა,თეატრი და ცხოვრება,Teatri_Da_Cxovreba_1917_N43.pdf,http://dspace.nplg.gov.ge/bitstream/1234/241044/1/Teatri_Da_Cxovreba_1917_N43.pdf
1524733772-334,http://dspace.nplg.gov.ge/handle/1234/240978,თეატრი და ცხოვრება N32,N32,6-Aug-1917,1917,თბილისი : სორაპანი,სათეატრო-სალიტერატურო ჟურნალი,საქართველოს პარლამენტის ეროვნული ბიბლიოთეკა,თეატრი და ცხოვრება,Teatri_Da_Cxovreba_1917_N32.pdf,http://dspace.nplg.gov.ge/bitstream/1234/240978/1/Teatri_Da_Cxovreba_1917_N32.pdf
1524733689-294,http://dspace.nplg.gov.ge/handle/1234/241672,თეატრი და ცხოვრება N11,N11,12-Oct-1919,1919,იოსებ იმედაშვილი,სათეატრო-სალიტერატურო ჟურნალი,საქართველოს პარლამენტის ეროვნული ბიბლიოთეკა,თეატრი და ცხოვრება,Teatri_Da_Cxovreba_1919_N11.pdf,http://dspace.nplg.gov.ge/bitstream/1234/241672/1/Teatri_Da_Cxovreba_1919_N11.pdf
1524733722-310,http://dspace.nplg.gov.ge/handle/1234/238208,თეატრი და ცხოვრება N11,N11,28-Jul-1918,1918,იოსებ იმედაშვილი,სათეატრო-სალიტერატურო ჟურნალი,საქართველოს პარლამენტის ეროვნული ბიბლიოთეკა,თეატრი და ცხოვრება,Teatri_Da_Cxovreba_1918_N11.pdf,http://dspace.nplg.gov.ge/bitstream/1234/238208/1/Teatri_Da_Cxovreba_1918_N11.pdf
1524733638-269,http://dspace.nplg.gov.ge/handle/1234/242031,თეატრი და ცხოვრება N21,N21,13-Jun-1920,1920,თბილისი : ქართული ბეჭვითი ამხანაგობა,"სათეატრო-სალიტერატურო ჟურნალი. ეგზემპლიარი ხარვეზიანია, აკლია 7-8 გვერდი",საქართველოს პარლამენტის ეროვნული ბიბლიოთეკა,თეატრი და ცხოვრება,Teatri_Da_Cxovreba_1920_N21.pdf,http://dspace.nplg.gov.ge/bitstream/1234/242031/1/Teatri_Da_Cxovreba_1920_N21.pdf
1524733586-244,http://dspace.nplg.gov.ge/handle/1234/245401,თეატრი და ცხოვრება N15,N15,10-Aug-1924,1924,იოსებ იმედაშვილი,სათეატრო-სალიტერატურო ჟურნალი,საქართველოს პარლამენტის ეროვნული ბიბლიოთეკა,თეატრი და ცხოვრება,Teatri_Da_Cxovreba_1924_N15.pdf,http://dspace.nplg.gov.ge/bitstream/1234/245401/1/Teatri_Da_Cxovreba_1924_N15.pdf
1524733761-329,http://dspace.nplg.gov.ge/handle/1234/240998,თეატრი და ცხოვრება N37,N37,24-Sep-1917,1917,იოსებ იმედაშვილი,სათეატრო-სალიტერატურო ჟურნალი,საქართველოს პარლამენტის ეროვნული ბიბლიოთეკა,თეატრი და ცხოვრება,Teatri_Da_Cxovreba_1917_N37.pdf,http://dspace.nplg.gov.ge/bitstream/1234/240998/1/Teatri_Da_Cxovreba_1917_N37.pdf
1524733753-325,http://dspace.nplg.gov.ge/handle/1234/241039,თეატრი და ცხოვრება N41,N41,22-Oct-1917,1917,იოსებ იმედაშვილი,სათეატრო-სალიტერატურო ჟურნალი,საქართველოს პარლამენტის ეროვნული ბიბლიოთეკა,თეატრი და ცხოვრება,Teatri_Da_Cxovreba_1917_N41.pdf,http://dspace.nplg.gov.ge/bitstream/1234/241039/1/Teatri_Da_Cxovreba_1917_N41.pdf
1524733794-345,http://dspace.nplg.gov.ge/handle/1234/240915,თეატრი და ცხოვრება N21,N21,21-May-1917,1917,თბილისი : სორაპანი,სათეატრო-სალიტერატურო ჟურნალი,საქართველოს პარლამენტის ეროვნული ბიბლიოთეკა,თეატრი და ცხოვრება,Teatri_Da_Cxovreba_1917_N21.pdf,http://dspace.nplg.gov.ge/bitstream/1234/240915/1/Teatri_Da_Cxovreba_1917_N21.pdf
1524733660-280,http://dspace.nplg.gov.ge/handle/1234/241946,თეატრი და ცხოვრება N10,N10,14-Mar-1920,1920,იოსებ იმედაშვილი,სათეატრო-სალიტერატურო ჟურნალი,საქართველოს პარლამენტის ეროვნული ბიბლიოთეკა,თეატრი და ცხოვრება,Teatri_Da_Cxovreba_1920_N10.pdf,http://dspace.nplg.gov.ge/bitstream/1234/241946/1/Teatri_Da_Cxovreba_1920_N10.pdf
1524733625-263,http://dspace.nplg.gov.ge/handle/1234/242044,თეატრი და ცხოვრება N27,N27,25-Jul-1920,1920,თბილისი : ქართული ბეჭვითი ამხანაგობა,სათეატრო-სალიტერატურო ჟურნალი,საქართველოს პარლამენტის ეროვნული ბიბლიოთეკა,თეატრი და ცხოვრება,Teatri_Da_Cxovreba_1920_N27.pdf,http://dspace.nplg.gov.ge/bitstream/1234/242044/1/Teatri_Da_Cxovreba_1920_N27.pdf
1524733665-282,http://dspace.nplg.gov.ge/handle/1234/241938,თეატრი და ცხოვრება N8,N8,29-Feb-1920,1920,იოსებ იმედაშვილი,სათეატრო-სალიტერატურო ჟურნალი,საქართველოს პარლამენტის ეროვნული ბიბლიოთეკა,თეატრი და ცხოვრება,Teatri_Da_Cxovreba_1920_N8.pdf,http://dspace.nplg.gov.ge/bitstream/1234/241938/1/Teatri_Da_Cxovreba_1920_N8.pdf
1524733763-330,http://dspace.nplg.gov.ge/handle/1234/240992,თეატრი და ცხოვრება N36,N36,10-Sep-1917,1917,იოსებ იმედაშვილი,სათეატრო-სალიტერატურო ჟურნალი,საქართველოს პარლამენტის ეროვნული ბიბლიოთეკა,თეატრი და ცხოვრება,Teatri_Da_Cxovreba_1917_N36.pdf,http://dspace.nplg.gov.ge/bitstream/1234/240992/1/Teatri_Da_Cxovreba_1917_N36.pdf
1524733545-224,http://dspace.nplg.gov.ge/handle/1234/244354,თეატრი და ცხოვრება N15,N15,Feb-1926,1926,იოსებ იმედაშვილი,სათეატრო-სალიტერატურო ჟურნალი,საქართველოს პარლამენტის ეროვნული ბიბლიოთეკა,თეატრი და ცხოვრება,Teatri_Da_Cxovreba_1926_N15.pdf,http://dspace.nplg.gov.ge/bitstream/1234/244354/1/Teatri_Da_Cxovreba_1926_N15.pdf
1524733621-261,http://dspace.nplg.gov.ge/handle/1234/244369,თეატრი და ცხოვრება N1,N1,9-Dec-1923,1923,"თბილისი : ომში დაჭრილთა შრომის არტელი ''ახალი წრე""",სათეატრო-სალიტერატურო ჟურნალი,საქართველოს პარლამენტის ეროვნული ბიბლიოთეკა,თეატრი და ცხოვრება,Teatri_Da_Cxovreba_1923_N1.pdf,http://dspace.nplg.gov.ge/bitstream/1234/244369/1/Teatri_Da_Cxovreba_1923_N1.pdf
1524733807-351,http://dspace.nplg.gov.ge/handle/1234/240905,თეატრი და ცხოვრება N15,N15,9-Apr-1917,1917,თბილისი : სორაპანი,სათეატრო-სალიტერატურო ჟურნალი,საქართველოს პარლამენტის ეროვნული ბიბლიოთეკა,თეატრი და ცხოვრება,Teatri_Da_Cxovreba_1917_N15.pdf,http://dspace.nplg.gov.ge/bitstream/1234/240905/1/Teatri_Da_Cxovreba_1917_N15.pdf
1524733543-223,http://dspace.nplg.gov.ge/handle/1234/244356,თეატრი და ცხოვრება N16,N16,Mar-1926,1926,იოსებ იმედაშვილი,სათეატრო-სალიტერატურო ჟურნალი,საქართველოს პარლამენტის ეროვნული ბიბლიოთეკა,თეატრი და ცხოვრება,Teatri_Da_Cxovreba_1926_N16.pdf,http://dspace.nplg.gov.ge/bitstream/1234/244356/1/Teatri_Da_Cxovreba_1926_N16.pdf
1524733679-289,http://dspace.nplg.gov.ge/handle/1234/241899,თეატრი და ცხოვრება N1,N1,1-Jan-1920,1920,იოსებ იმედაშვილი,სათეატრო-სალიტერატურო ჟურნალი,საქართველოს პარლამენტის ეროვნული ბიბლიოთეკა,თეატრი და ცხოვრება,Teatri_Da_Cxovreba_1920_N1.pdf,http://dspace.nplg.gov.ge/bitstream/1234/241899/1/Teatri_Da_Cxovreba_1920_N1.pdf
1524733720-309,http://dspace.nplg.gov.ge/handle/1234/238211,თეატრი და ცხოვრება N12,N12,2-Sep-1918,1918,იოსებ იმედაშვილი,სათეატრო-სალიტერატურო ჟურნალი,საქართველოს პარლამენტის ეროვნული ბიბლიოთეკა,თეატრი და ცხოვრება,Teatri_Da_Cxovreba_1918_N12.pdf,http://dspace.nplg.gov.ge/bitstream/1234/238211/1/Teatri_Da_Cxovreba_1918_N12.pdf
1524733654-277,http://dspace.nplg.gov.ge/handle/1234/241956,თეატრი და ცხოვრება N13,N13,9-Apr-1920,1920,იოსებ იმედაშვილი,"სათეატრო-სალიტერატურო ჟურნალი. ეგზემპლიარი ხარვეზიანია, აკლია 7-10 გვერდი",საქართველოს პარლამენტის ეროვნული ბიბლიოთეკა,თეატრი და ცხოვრება,Teatri_Da_Cxovreba_1920_N13.pdf,http://dspace.nplg.gov.ge/bitstream/1234/241956/3/Teatri_Da_Cxovreba_1920_N13.pdf